comment,platform,like_count,published_at
无糖是挺好，但代糖长期喝真的安全吗？,小红书,128,2026-06-01
零糖饮料为什么喝起来还是甜的？,抖音,86,2026-06-02
减脂期能不能每天喝无糖可乐？,小红书,64,2026-06-02
赤藓糖醇和阿斯巴甜到底哪个更好？,B站,92,2026-06-03
我喝零糖汽水反而更想吃甜食。,微博,41,2026-06-03
糖尿病人可以喝标着零糖的饮料吗？,小红书,113,2026-06-04
配料表里有碳水，为什么还能叫无糖？,抖音,77,2026-06-04
健身后想喝点有味道的，又怕影响减脂。,小红书,55,2026-06-05
无糖茶比无糖汽水更健康吗？,B站,71,2026-06-05
孕期可以喝含代糖的饮料吗？,小红书,38,2026-06-06
我更关心咖啡因，不只是糖。,微博,24,2026-06-06
晚上喝零糖可乐会不会睡不着？,抖音,46,2026-06-07
同样写零糖，为什么不同品牌热量差这么多？,小红书,89,2026-06-07
想看国产和进口无糖汽水的横向测评。,B站,102,2026-06-08
无糖气泡水和普通苏打水有什么区别？,小红书,68,2026-06-08
办公室下午犯困时会喝，但不想摄入太多咖啡因。,微博,35,2026-06-09
吃火锅时想用无糖饮料替代啤酒。,抖音,58,2026-06-09
跑步以后喝零糖电解质水合适吗？,小红书,73,2026-06-10
孩子总想喝甜饮料，无糖款能作为替代吗？,小红书,81,2026-06-10
牙齿敏感的人喝无糖碳酸会更糟吗？,B站,44,2026-06-11
不含糖不代表不伤牙吧，酸度也应该讲清楚。,微博,53,2026-06-11
有人说代糖会影响肠道，有没有可靠依据？,小红书,97,2026-06-12
我喝赤藓糖醇会肚子不舒服，换哪种比较好？,抖音,62,2026-06-12
所谓零卡真的一丁点热量都没有吗？,B站,48,2026-06-13
希望测评不要只比甜度，也比配料和价格。,小红书,106,2026-06-13
无糖饮料越喝越胖是心理作用还是有原因？,微博,79,2026-06-14
控糖但不减肥的人应该怎么选？,小红书,51,2026-06-14
喝惯了全糖，哪款无糖饮料的代糖味最轻？,抖音,94,2026-06-15
我想要不甜的饮料，不是换一种甜味。,B站,88,2026-06-15
无糖乌龙茶加香精算健康饮料吗？,小红书,39,2026-06-16
配料越短就一定越好吗？,微博,28,2026-06-16
想看便利店能买到的无糖饮料红黑榜。,小红书,119,2026-06-17
聚餐时点无糖饮料，朋友总说是在自我安慰。,抖音,47,2026-06-17
戒糖第一周用零糖汽水过渡，确实容易坚持。,小红书,67,2026-06-18
无糖饮料能不能帮助戒掉甜味依赖？,B站,56,2026-06-18
早上空腹喝零糖咖啡会刺激胃吗？,微博,43,2026-06-19
乳糖不耐受的人选无糖乳饮料要看什么？,小红书,52,2026-06-19
果汁写着无添加糖，和无糖是一个意思吗？,抖音,84,2026-06-20
每100毫升糖低于多少才可以标无糖？,B站,91,2026-06-20
希望解释营养成分表的零和配料表代糖怎么一起看。,小红书,134,2026-06-21
同一品牌普通版和零糖版到底差多少热量？,微博,76,2026-06-21
代糖安全剂量普通人怎么理解，别只说抛开剂量谈毒性。,小红书,99,2026-06-22
有痛风的人能喝无糖果味饮料吗？,抖音,33,2026-06-22
晚上加班嘴馋，想找没有咖啡因的无糖饮料。,小红书,61,2026-06-23
无糖可乐放久了为什么甜味变化很明显？,B站,27,2026-06-23
冰镇时好喝，常温时代糖味太重了。,微博,32,2026-06-24
餐前喝和餐后喝对血糖反应有区别吗？,小红书,74,2026-06-24
我只想知道哪些人不适合喝，不要一概说健康或不健康。,抖音,108,2026-06-25
想看医生和食品工程师一起解释代糖。,B站,87,2026-06-25
无糖是挺好，但代糖长期喝真的安全吗？,小红书,128,2026-06-01
哈哈哈,微博,2,2026-06-26
1,抖音,0,2026-06-26
👍👍👍,小红书,1,2026-06-26
,微博,0,2026-06-26

